{"cameraMode":{"drawMode":0,"name":"Shaded","section":"Shading Mode"},"sceneLighting":false,"audioPlay":false,"sceneViewState":{"m_AlwaysRefresh":false,"showFog":true,"showSkybox":false,"showFlares":true,"showImageEffects":true,"showParticleSystems":true,"showVisualEffectGraphs":true,"m_FxEnabled":true},"in2DMode":false,"pivot":{"x":19.36112403869629,"y":34.092098236083987,"z":28.756431579589845},"rotation":{"x":0.0009594889706932008,"y":0.9949164986610413,"z":-0.10063721239566803,"w":0.009254444390535355},"size":80.07491302490235,"orthographic":false}