{"cameraMode":{"drawMode":0,"name":"Shaded","section":"Shading Mode"},"sceneLighting":false,"audioPlay":false,"sceneViewState":{"m_AlwaysRefresh":false,"showFog":true,"showSkybox":false,"showFlares":true,"showImageEffects":true,"showParticleSystems":true,"showVisualEffectGraphs":true,"m_FxEnabled":true},"in2DMode":false,"pivot":{"x":0.2749558091163635,"y":0.26305752992630007,"z":0.4267995357513428},"rotation":{"x":-0.08419733494520188,"y":0.01703600026667118,"z":-0.0014395801117643715,"w":-0.9963057637214661},"size":1.3646836280822755,"orthographic":false}