{"cameraMode":{"drawMode":0,"name":"Shaded","section":"Shading Mode"},"sceneLighting":false,"audioPlay":false,"sceneViewState":{"m_AlwaysRefresh":false,"showFog":true,"showSkybox":false,"showFlares":true,"showImageEffects":true,"showParticleSystems":true,"showVisualEffectGraphs":true,"m_FxEnabled":true},"in2DMode":false,"pivot":{"x":-1.0236762762069703,"y":-0.9993326663970947,"z":-3.2224011421203615},"rotation":{"x":-0.03928712010383606,"y":0.9486690163612366,"z":-0.13060224056243897,"w":-0.28536829352378847},"size":2.6881179809570314,"orthographic":false}