{"cameraMode":{"drawMode":0,"name":"Shaded","section":"Shading Mode"},"sceneLighting":true,"audioPlay":false,"sceneViewState":{"m_AlwaysRefresh":false,"showFog":true,"showSkybox":true,"showFlares":true,"showImageEffects":true,"showParticleSystems":true,"showVisualEffectGraphs":true,"m_FxEnabled":true},"in2DMode":false,"pivot":{"x":12.018220901489258,"y":-40.19908142089844,"z":79.83866882324219},"rotation":{"x":-0.24833692610263825,"y":-0.09916870296001435,"z":0.025554705411195756,"w":-0.9632781147956848},"size":53.92880630493164,"orthographic":false}