{"cameraMode":{"drawMode":0,"name":"Shaded","section":"Shading Mode"},"sceneLighting":true,"audioPlay":false,"sceneViewState":{"m_AlwaysRefresh":false,"showFog":true,"showSkybox":true,"showFlares":true,"showImageEffects":true,"showParticleSystems":true,"showVisualEffectGraphs":true,"m_FxEnabled":true},"in2DMode":false,"pivot":{"x":2.0347378253936769,"y":4.099608898162842,"z":1.6318937540054322},"rotation":{"x":-0.16589906811714173,"y":0.04082803055644035,"z":-0.006885846145451069,"w":-0.9853069186210632},"size":21.164989471435548,"orthographic":false}