{"cameraMode":{"drawMode":0,"name":"Shaded","section":"Shading Mode"},"sceneLighting":true,"audioPlay":false,"sceneViewState":{"m_AlwaysRefresh":false,"showFog":true,"showSkybox":true,"showFlares":true,"showImageEffects":true,"showParticleSystems":true,"showVisualEffectGraphs":true,"m_FxEnabled":true},"in2DMode":false,"pivot":{"x":-2.345752716064453,"y":-1.6001933813095093,"z":18.07469940185547},"rotation":{"x":-0.2679688036441803,"y":-0.059776343405246738,"z":0.016633041203022004,"w":-0.9614660143852234},"size":7.7513556480407719,"orthographic":false}