{"cameraMode":{"drawMode":0,"name":"Shaded","section":"Shading Mode"},"sceneLighting":true,"audioPlay":false,"sceneViewState":{"m_AlwaysRefresh":false,"showFog":true,"showSkybox":true,"showFlares":true,"showImageEffects":true,"showParticleSystems":true,"showVisualEffectGraphs":true,"m_FxEnabled":true},"in2DMode":false,"pivot":{"x":1311.9556884765625,"y":856.5363159179688,"z":27.789840698242189},"rotation":{"x":-0.009308972395956517,"y":-0.01590137928724289,"z":0.00014381938672158867,"w":-0.9998433589935303},"size":104.00511169433594,"orthographic":false}