{"cameraMode":{"drawMode":0,"name":"Shaded","section":"Shading Mode"},"sceneLighting":true,"audioPlay":false,"sceneViewState":{"m_AlwaysRefresh":false,"showFog":true,"showSkybox":true,"showFlares":true,"showImageEffects":true,"showParticleSystems":true,"showVisualEffectGraphs":true,"m_FxEnabled":true},"in2DMode":false,"pivot":{"x":1338.0562744140625,"y":839.8428344726563,"z":2.768110513687134},"rotation":{"x":-0.16589906811714173,"y":0.04082803055644035,"z":-0.006885846145451069,"w":-0.9853069186210632},"size":148.53233337402345,"orthographic":false}