{"cameraMode":{"drawMode":0,"name":"Shaded","section":"Shading Mode"},"sceneLighting":true,"audioPlay":false,"sceneViewState":{"m_AlwaysRefresh":false,"showFog":true,"showSkybox":true,"showFlares":true,"showImageEffects":true,"showParticleSystems":true,"showVisualEffectGraphs":true,"m_FxEnabled":true},"in2DMode":false,"pivot":{"x":-253.57672119140626,"y":2.043031692504883,"z":24.769123077392579},"rotation":{"x":-0.07614266872406006,"y":-0.29543980956077578,"z":0.023629043251276017,"w":-0.9520323872566223},"size":2.7148642539978029,"orthographic":false}