{"cameraMode":{"drawMode":0,"name":"Shaded","section":"Shading Mode"},"sceneLighting":false,"audioPlay":false,"sceneViewState":{"m_AlwaysRefresh":false,"showFog":true,"showSkybox":false,"showFlares":true,"showImageEffects":true,"showParticleSystems":true,"showVisualEffectGraphs":true,"m_FxEnabled":true},"in2DMode":false,"pivot":{"x":1.4588664770126343,"y":0.06674548983573914,"z":-1.053396463394165},"rotation":{"x":-0.08993102610111237,"y":0.7987284064292908,"z":-0.12342101335525513,"w":-0.5819964408874512},"size":2.0056169033050539,"orthographic":false}